Name,Price,Temperature,CommentsQuantity,Link
"Monitor Gamer Curvo Samsung 24"" LC24RG50FQLMZD",R$1.072,841,90,https://www.pelando.com.br/ofertas/monitor-144hz-4ms-samsung-425309
"Monitor Philips 27"" IPS, 75Hz, 4ms, Adaptive Sync, Display Port, Furacao Vesa | R$854",R$854,795,66,https://www.pelando.com.br/ofertas/monitor-philips-27-ips-75hz-4ms-adaptive-sync-display-port-furacao-vesa-r854-433303
Advanced SystemCare PRO,Sem preço informado,585,30,https://www.pelando.com.br/ofertas/advanced-systemcare-pro-385805
Monitor Dell 24: SE2419HR,R$938,570,71,https://www.pelando.com.br/ofertas/monitor-dell-24-se2419hr-r-938-431461
"[CC Submarino/AME R$ 674] Monitor Led 24"" Full Hd Preto Curvo Lc24f390",R$736,564,26,https://www.pelando.com.br/ofertas/cartao-submarino-monitor-samsung-24-curvo-432626
"Monitor LED AOC Gamer G2460PF 24"" 144Hz 1ms FreeSync Full HD",R$1.139,520,38,https://www.pelando.com.br/ofertas/aoc-hero-144hz-barato-429553
"Monitor Gamer Bluecase 24 Pol, Curvo, Full HD, 144Hz, 1Ms, BM243GC",R$1.159,499,10,https://www.pelando.com.br/ofertas/monitor-gamer-bluecase-24-pol-curvo-full-hd-144hz-1ms-bm243gc-432641
"Monitor Gamer Acer LED 24´ Widescreen, Full HD, HDMI/VGA, 75Hz, 1ms",R$730,461,8,https://www.pelando.com.br/ofertas/monitor-gamer-acer-led-24-widescreen-full-hd-hdmivga-75hz-1ms-428142
"Monitor LED 24"" Samsung Gamer 1ms 75hz LS24D332 | R$597",R$597,414,31,https://www.pelando.com.br/ofertas/monitor-led-24-samsung-gamer-1ms-75hz-ls24d332-r597-423716
"Monitor Gamer Acer LED 24´ Widescreen, Full HD, HDMI/VGA, 75Hz, 1ms - KG241 BII",R$780,208,4,https://www.pelando.com.br/ofertas/monitor-gamer-acer-led-24-widescreen-full-hd-hdmivga-75hz-1ms-kg241-bii-432902
"MONITOR GAMER TGT ALTAY 24"" LED 1MS 144HZ FHD FREESYNC HDMI/DP, TGT-MN24-ALT01",R$1.100,167,13,https://www.pelando.com.br/ofertas/monitor-gamer-tgt-altay-24-led-1ms-144hz-fhd-freesync-hdmidp-tgt-mn24-alt01-432878
"Smart TV Monitor 24"" LED LG 24TL520S | R$668",R$668,140,10,https://www.pelando.com.br/ofertas/smart-tv-monitor-24-led-lg-24tl520s-wi-fi-webos-35-dtv-time-machine-ready-preto-423650
"Monitor Samsung 24"" 75Mhz 1Ms | R$ 750",R$750,59,9,https://www.pelando.com.br/ofertas/monitor-samsung-24-75mhz-1ms-431598
